scenario,arm,category,proposed_repetitions,metric_status
T01,HTTP,THREE_ARMS_WITH_CAPABILITY_LABELS,3,PENDING_NOT_MEASURED
T01,PAGE,THREE_ARMS_WITH_CAPABILITY_LABELS,3,PENDING_NOT_MEASURED
T01,JOURNEY,THREE_ARMS_WITH_CAPABILITY_LABELS,3,PENDING_NOT_MEASURED
T02,HTTP,THREE_ARMS_WITH_CAPABILITY_LABELS,3,PENDING_NOT_MEASURED
T02,PAGE,THREE_ARMS_WITH_CAPABILITY_LABELS,3,PENDING_NOT_MEASURED
T02,JOURNEY,THREE_ARMS_WITH_CAPABILITY_LABELS,3,PENDING_NOT_MEASURED
T03,HTTP,THREE_ARMS_WITH_CAPABILITY_LABELS,3,PENDING_NOT_MEASURED
T03,PAGE,THREE_ARMS_WITH_CAPABILITY_LABELS,3,PENDING_NOT_MEASURED
T03,JOURNEY,THREE_ARMS_WITH_CAPABILITY_LABELS,3,PENDING_NOT_MEASURED
T04,HTTP,THREE_ARMS_WITH_CAPABILITY_LABELS,3,PENDING_NOT_MEASURED
T04,PAGE,THREE_ARMS_WITH_CAPABILITY_LABELS,3,PENDING_NOT_MEASURED
T04,JOURNEY,THREE_ARMS_WITH_CAPABILITY_LABELS,3,PENDING_NOT_MEASURED
T05,HTTP,THREE_ARMS_WITH_CAPABILITY_LABELS,3,PENDING_NOT_MEASURED
T05,PAGE,THREE_ARMS_WITH_CAPABILITY_LABELS,3,PENDING_NOT_MEASURED
T05,JOURNEY,THREE_ARMS_WITH_CAPABILITY_LABELS,3,PENDING_NOT_MEASURED
T06,HTTP,THREE_ARMS_WITH_CAPABILITY_LABELS,3,PENDING_NOT_MEASURED
T06,PAGE,THREE_ARMS_WITH_CAPABILITY_LABELS,3,PENDING_NOT_MEASURED
T06,JOURNEY,THREE_ARMS_WITH_CAPABILITY_LABELS,3,PENDING_NOT_MEASURED
T07,HTTP,THREE_ARMS_WITH_CAPABILITY_LABELS,3,PENDING_NOT_MEASURED
T07,PAGE,THREE_ARMS_WITH_CAPABILITY_LABELS,3,PENDING_NOT_MEASURED
T07,JOURNEY,THREE_ARMS_WITH_CAPABILITY_LABELS,3,PENDING_NOT_MEASURED
T08,HTTP,THREE_ARMS_WITH_CAPABILITY_LABELS,3,PENDING_NOT_MEASURED
T08,PAGE,THREE_ARMS_WITH_CAPABILITY_LABELS,3,PENDING_NOT_MEASURED
T08,JOURNEY,THREE_ARMS_WITH_CAPABILITY_LABELS,3,PENDING_NOT_MEASURED
T09,HTTP,THREE_ARMS_WITH_CAPABILITY_LABELS,3,PENDING_NOT_MEASURED
T09,PAGE,THREE_ARMS_WITH_CAPABILITY_LABELS,3,PENDING_NOT_MEASURED
T09,JOURNEY,THREE_ARMS_WITH_CAPABILITY_LABELS,3,PENDING_NOT_MEASURED
T10,HTTP,THREE_ARMS_WITH_CAPABILITY_LABELS,3,PENDING_NOT_MEASURED
T10,PAGE,THREE_ARMS_WITH_CAPABILITY_LABELS,3,PENDING_NOT_MEASURED
T10,JOURNEY,THREE_ARMS_WITH_CAPABILITY_LABELS,3,PENDING_NOT_MEASURED
T11,HTTP,THREE_ARMS_WITH_CAPABILITY_LABELS,3,PENDING_NOT_MEASURED
T11,PAGE,THREE_ARMS_WITH_CAPABILITY_LABELS,3,PENDING_NOT_MEASURED
T11,JOURNEY,THREE_ARMS_WITH_CAPABILITY_LABELS,3,PENDING_NOT_MEASURED
T12,HTTP,THREE_ARMS_WITH_CAPABILITY_LABELS,3,PENDING_NOT_MEASURED
T12,PAGE,THREE_ARMS_WITH_CAPABILITY_LABELS,3,PENDING_NOT_MEASURED
T12,JOURNEY,THREE_ARMS_WITH_CAPABILITY_LABELS,3,PENDING_NOT_MEASURED
T13,HTTP,THREE_ARMS_WITH_CAPABILITY_LABELS,3,PENDING_NOT_MEASURED
T13,PAGE,THREE_ARMS_WITH_CAPABILITY_LABELS,3,PENDING_NOT_MEASURED
T13,JOURNEY,THREE_ARMS_WITH_CAPABILITY_LABELS,3,PENDING_NOT_MEASURED
T14,HTTP,THREE_ARMS_WITH_CAPABILITY_LABELS,3,PENDING_NOT_MEASURED
T14,PAGE,THREE_ARMS_WITH_CAPABILITY_LABELS,3,PENDING_NOT_MEASURED
T14,JOURNEY,THREE_ARMS_WITH_CAPABILITY_LABELS,3,PENDING_NOT_MEASURED
T15,HTTP,THREE_ARMS_WITH_CAPABILITY_LABELS,3,PENDING_NOT_MEASURED
T15,PAGE,THREE_ARMS_WITH_CAPABILITY_LABELS,3,PENDING_NOT_MEASURED
T15,JOURNEY,THREE_ARMS_WITH_CAPABILITY_LABELS,3,PENDING_NOT_MEASURED
T16,HTTP,SAFETY_CORRECTNESS_ONLY,0,PENDING_NOT_MEASURED
T16,PAGE,SAFETY_CORRECTNESS_ONLY,0,PENDING_NOT_MEASURED
T16,JOURNEY,SAFETY_CORRECTNESS_ONLY,0,PENDING_NOT_MEASURED
T17,HTTP,SAFETY_CORRECTNESS_ONLY,0,PENDING_NOT_MEASURED
T17,PAGE,SAFETY_CORRECTNESS_ONLY,0,PENDING_NOT_MEASURED
T17,JOURNEY,SAFETY_CORRECTNESS_ONLY,0,PENDING_NOT_MEASURED
T18,HTTP,SAFETY_CORRECTNESS_ONLY,0,PENDING_NOT_MEASURED
T18,PAGE,SAFETY_CORRECTNESS_ONLY,0,PENDING_NOT_MEASURED
T18,JOURNEY,SAFETY_CORRECTNESS_ONLY,0,PENDING_NOT_MEASURED
T19,HTTP,THREE_ARMS_WITH_CAPABILITY_LABELS,3,PENDING_NOT_MEASURED
T19,PAGE,THREE_ARMS_WITH_CAPABILITY_LABELS,3,PENDING_NOT_MEASURED
T19,JOURNEY,THREE_ARMS_WITH_CAPABILITY_LABELS,3,PENDING_NOT_MEASURED
T20,HTTP,SAFETY_CORRECTNESS_ONLY,0,PENDING_NOT_MEASURED
T20,PAGE,SAFETY_CORRECTNESS_ONLY,0,PENDING_NOT_MEASURED
T20,JOURNEY,SAFETY_CORRECTNESS_ONLY,0,PENDING_NOT_MEASURED
T21,HTTP,SAFETY_CORRECTNESS_ONLY,0,PENDING_NOT_MEASURED
T21,PAGE,SAFETY_CORRECTNESS_ONLY,0,PENDING_NOT_MEASURED
T21,JOURNEY,SAFETY_CORRECTNESS_ONLY,0,PENDING_NOT_MEASURED
T22,HTTP,SAFETY_CORRECTNESS_ONLY,0,PENDING_NOT_MEASURED
T22,PAGE,SAFETY_CORRECTNESS_ONLY,0,PENDING_NOT_MEASURED
T22,JOURNEY,SAFETY_CORRECTNESS_ONLY,0,PENDING_NOT_MEASURED
T23,HTTP,SAFETY_CORRECTNESS_ONLY,0,PENDING_NOT_MEASURED
T23,PAGE,SAFETY_CORRECTNESS_ONLY,0,PENDING_NOT_MEASURED
T23,JOURNEY,SAFETY_CORRECTNESS_ONLY,0,PENDING_NOT_MEASURED
T24,HTTP,SAFETY_CORRECTNESS_ONLY,0,PENDING_NOT_MEASURED
T24,PAGE,SAFETY_CORRECTNESS_ONLY,0,PENDING_NOT_MEASURED
T24,JOURNEY,SAFETY_CORRECTNESS_ONLY,0,PENDING_NOT_MEASURED
